experiment,model,accuracy_mean,accuracy_std,balanced_accuracy_mean,balanced_accuracy_std,precision_macro_mean,precision_macro_std,recall_macro_mean,recall_macro_std,f1_macro_mean,f1_macro_std,precision_weighted_mean,precision_weighted_std,recall_weighted_mean,recall_weighted_std,f1_weighted_mean,f1_weighted_std
akc_all_phases,rf,0.8250000000000001,0.012500000000000039,0.7791666666666667,0.011023963796102421,0.7996330566200522,0.010816671433539891,0.7791666666666667,0.011023963796102421,0.7814432283750136,0.003186978978111607,0.8267745065255108,0.013860187509265917,0.8250000000000001,0.012500000000000039,0.8201158816900302,0.012794873871468285
