heldout_seed,model,n_train,n_test,positive_rate_test,balanced_accuracy,f1,roc_auc,auprc
1,rf,160,80,0.75,0.875,0.9421487603305785,0.9516666666666667,0.983382240607743
2,rf,160,80,0.75,0.8583333333333334,0.943089430894309,0.9583333333333333,0.9859843334790488
3,rf,160,80,0.75,0.9166666666666667,0.9491525423728814,0.9766666666666666,0.9925341197773041
