feature,importance_mean,importance_std
num_tool_calls,0.195895061728395,0.027075139451996723
latency_total_s,0.05590740740740737,0.010366632924402205
total_tokens,0.01787962962962958,0.004598807896067114
tool_call_complexity,0.003302469135802414,0.0007832455271882519
response_tokens,0.002966049382716011,0.0012474215137077253
tool_call_entropy,0.0014506172839505837,0.0005495214140359369
